"Timestamp","Username","Total score","Nom","Nom [Score]","Nom [Feedback]","Prenom","Prenom [Score]","Prenom [Feedback]","Date de naissance","Date de naissance [Score]","Date de naissance [Feedback]","Âge ","Âge  [Score]","Âge  [Feedback]","Adresse","Adresse [Score]","Adresse [Feedback]","Code postal","Code postal [Score]","Code postal [Feedback]","Ville","Ville [Score]","Ville [Feedback]","Téléphone","Téléphone
Personnel (ou de la maison) pour te rejoindre [Score]","Téléphone
Personnel (ou de la maison) pour te rejoindre [Feedback]","Numero de membre","Numero de membre [Score]","Numero de membre [Feedback]"
"2026/06/29 1:09:34 PM AST","lauram32877@gmail.com","0.00 / 0","Martin","-- / 0","","Laura","-- / 0","","2010-07-16","-- / 0","","15","-- / 0","","802 Rue Alain-Grandbois","-- / 0","","J7G 3C8","-- / 0","","Boisbriand","-- / 0","","5146418357","-- / 0","","","-- / 0",""
"2026/06/29 1:44:32 PM AST","juliedarveau1@gmail.com","0.00 / 0","Abou Assali","-- / 0","","Joshua-Mikhael","-- / 0","","2013-05-13","-- / 0","","13","-- / 0","","59, 37e avenue est
unité 102","-- / 0","","J7C 5Z4","-- / 0","","Blainville","-- / 0","","514 827 6855","-- / 0","","je n'ai pas de numéro de membre","-- / 0",""
"2026/06/29 8:19:42 PM AST","nxverland.yxqi@gmail.com","0.00 / 0","Gong","-- / 0","","Jeanne","-- / 0","","2010-09-05","-- / 0","","15","-- / 0","","446 Boulevard Roland-Durand","-- / 0","","J7A 4K2","-- / 0","","Rosemère","-- / 0","","514-224-4586","-- / 0","","318595","-- / 0",""
"2026/06/29 10:48:34 PM AST","rohanboileau@gmail.com","0.00 / 0","Boileau","-- / 0","","Rohan","-- / 0","","2011-07-05","-- / 0","","14","-- / 0","","17 rue des Lotus,","-- / 0","","J7C 5V3","-- / 0","","Blainville","-- / 0","","4385458819","-- / 0","","","-- / 0",""
"2026/06/30 8:43:07 AM AST","sameerboileau@gmail.com","0.00 / 0","Boileau","-- / 0","","Sameer","-- / 0","","2013-05-08","-- / 0","","13 ans","-- / 0","","17 rue des Lotus","-- / 0","","J7C 5V3","-- / 0","","Blainville","-- / 0","","819-446-5587","-- / 0","","","-- / 0",""
"2026/06/30 12:11:43 PM AST","abbassimouhamedrayen@gmail.com","0.00 / 0","Abbassi","-- / 0","","Mouhamed Rayen ","-- / 0","","2010-09-08","-- / 0","","15","-- / 0","","427 rue de Lima","-- / 0","","H7K 3N1","-- / 0","","Laval","-- / 0","","514 627 0957","-- / 0","","","-- / 0",""
"2026/06/30 9:14:52 PM AST","maevamailleperso@gmail.com","0.00 / 0","Maillé","-- / 0","","Maeva","-- / 0","","2012-09-22","-- / 0","","13 ","-- / 0","","1531 boulevard Maisonneuve ","-- / 0","","J5L0E8","-- / 0","","Saint-Jérôme","-- / 0","","450-280-0654","-- / 0","","341095","-- / 0",""
"2026/07/01 12:11:54 PM AST","4110573@eleve.collegeboisbriand.qc.ca","0.00 / 0","Garcia","-- / 0","","Eliott","-- / 0","","2013-04-11","-- / 0","","13","-- / 0","","66 rue nivolet Blainville","-- / 0","","J7c0l3","-- / 0","","Blainville ","-- / 0","","5793685390","-- / 0","","","-- / 0",""
"2026/07/01 12:21:01 PM AST","lafrancesaramaude@gmail.com","0.00 / 0","Lafrance","-- / 0","","Sara-Maude","-- / 0","",  "2011-11-14","-- / 0","","14","-- / 0","","4 rue du Chinon ","-- / 0","","J7B 1Y2 ","-- / 0","","Blainville","-- / 0","","438-535-1430","-- / 0","","","-- / 0",""
"2026/07/01 11:32:03 PM AST","yoansarrazin18@gmail.com","0.00 / 0","Sarrazin","-- / 0","","Yoan","-- / 0","","2010-10-18","-- / 0","","15 ans","-- / 0","","7a rue des érables Sainte-Thérèse","-- / 0","","J7E 3T3","-- / 0","","Sainte-Thérese","-- / 0","","450-543-8176","-- / 0","","","-- / 0",""
"2026/07/02 10:37:00 AM AST","imanolfougeray@gmail.com","0.00 / 0","Fougeray","-- / 0","","Imanol","-- / 0","","2013-05-09","-- / 0","","13 ans","-- / 0","","17 rue de Montagny","-- / 0","","J7C OL4","-- / 0","","Blainville ","-- / 0","","4385062581","-- / 0","","","-- / 0",""